artist,summary,wikipedia_link
Caravaggio,"A Revolutionary Visionary
Michelangelo Merisi da Caravaggio, born in Milan in 1571, emerged as one of the most revolutionary painters of the late 16th and early 17th centuries. Moving to Rome as a young man, he began his career under modest circumstances, yet his daring approach to art quickly distinguished him. Caravaggio broke from the idealized figures of Renaissance painting, capturing people as they truly appeared—flawed, emotional, and tangible. His ability to blend realism with dramatic lighting transformed the visual language of painting, creating scenes of profound intensity that drew viewers directly into the story.
Master of Light and Shadow
Caravaggio’s style is most famously characterized by tenebrism, the stark contrast between light and dark, which highlights figures as if illuminated by a spotlight against shadowed backgrounds. This dramatic lighting enhanced the emotional weight of his subjects, making sacred moments feel immediate and human. He painted directly from live models, often ordinary people, and imbued them with a raw authenticity. His work spans religious themes, mythological narratives, and genre scenes, yet all share a common intensity: a focus on the human condition, moral tension, and visceral emotion. Notable examples include The Calling of Saint Matthew and Judith Beheading Holofernes, which combine biblical storytelling with the grit of real life.
The Human Drama in Every Canvas
Religious themes dominate Caravaggio’s oeuvre, but he approached them with unprecedented realism. Saints, martyrs, and biblical figures often appear as ordinary people, clothed in contemporary attire or the rough garb of everyday life. This grounding in reality made the sacred immediate and relatable, turning distant spiritual narratives into intensely human experiences. Scenes of violence, suffering, and moral struggle recur throughout his work, yet they are balanced by moments of contemplation and grace. Ordinary objects—food, weapons, or instruments—frequently appear, anchoring these narratives in the real world while enriching their symbolic meaning.
Themes of Faith, Struggle, and Redemption
Light and shadow in Caravaggio’s paintings are not mere visual effects—they are narrative tools. The dramatic illumination isolates characters from their surroundings, focusing attention on their expressions, gestures, and moral dilemmas. Shadows act almost like silent participants, heightening suspense and guiding the viewer’s eye. Themes of redemption, temptation, and human frailty permeate his work, making each painting not only a visual spectacle but also a meditation on the complexities of life and faith.
A Life as Intense as His Art
Despite his artistic genius, Caravaggio’s life was tumultuous. He had a notoriously violent temper, which led to frequent brawls and ultimately the killing of a young man in 1606, forcing him to flee Rome. His exile took him to Naples, Malta, and Sicily, where he continued to produce groundbreaking works. His paintings from this period exhibit even greater emotional depth and dramatic tension, influencing an entire generation of artists known as the Caravaggisti. Although his reputation declined after his death in 1610, Caravaggio’s innovations in realism, narrative, and light reshaped Baroque art and continue to inspire artists and viewers centuries later.",https://en.wikipedia.org/wiki/Caravaggio